SMILES,logP,tPSA,MW,SweetSpot
c1cc(ccc1C(=O)CCCN2CCC(CC2)(c3ccc(cc3)Cl)O)F,4.43,40.54,375.1,No
COc1cc(ccc1OCC2CN(CCCO2)Cc3ccc(cc3)Br)Cl,4.78,30.93,439.1,No
COc1cc(ccc1OC[C@@H]2CN(CCO2)Cc3ccc(cc3)Cl)Cl,4.28,30.93,381.1,No
CCOc1ccc(cc1OCC2CN(CCO2)Cc3ccc(cc3)Cl)Cl,4.67,30.93,395.1,No
COc1cc(ccc1OCC2CN(CCO2)Cc3ccc(cc3)Cl)Cl,4.28,30.93,381.1,No
COc1ccc(cc1NCC2CN(CCO2)Cc3ccc(cc3)Cl)Cl,4.31,33.73,380.1,No
CCOc1ccccc1OCC2CN(CCCO2)Cc3ccc(cc3)Cl,4.41,30.93,375.2,No
CC1N(C(=O)C(S1)(C)C)CCCCN2CCN(CC2)c3csc4c3ccc(c4)F,4.64,26.79,435.2,No
c1cc(ccc1CN2CCOC(C2)CNc3ccc(cc3O)Cl)Cl,4.01,44.73,366.1,No
CC(=O)c1ccc(cc1OCC2CN(CCCO2)Cc3ccc(cc3)Cl)Cl,4.87,38.77,407.1,No
CCOc1cc(ccc1OCC2CN(CCCO2)Cc3ccc(cc3)Cl)Cl,5.06,30.93,409.1,No
CCOc1ccc(cc1OCC2CN(CCCO2)Cc3ccc(cc3)Cl)Cl,5.06,30.93,409.1,No
CN1CCN(CC1)C2=Nc3cc(ccc3Nc4c2cccc4)Cl,3.72,30.87,326.1,No
CCOc1ccccc1OCC2CN(CCO2)Cc3ccc(cc3)Cl,4.02,30.93,361.1,No
CCOc1cc(ccc1OCC2CN(CCO2)Cc3ccc(cc3)Cl)Cl,4.67,30.93,395.1,No
COc1cccc(c1)C(=O)NCCN2CCN(CC2)c3cccc(c3Cl)Cl,3.55,44.81,407.1,No
COc1ccc(cc1OCC2CN(CCO2)Cc3ccc(cc3)Cl)[N+](=O)[O-],3.54,74.07,392.1,No
CCOc1cc(ccc1OCC2CN(CCO2)Cc3ccc(cc3)Cl)I,4.62,30.93,487,No
Cc1ccc(cc1)N2CCN(CC2)CCNC(=O)c3cccc(c3)OC,2.56,44.81,353.2,Yes
c1ccc(cc1)CC[C@@H]2CN(CCO2)Cc3ccc(cc3)O,3.23,32.7,297.2,No
COc1ccccc1CCC2CN(CCO2)Cc3ccc(cc3)Cl,4.18,21.7,345.1,No
Cc1cc2c(s1)Nc3ccccc3N=C2N4CCN(CC4)C,3.44,30.87,312.1,No
COc1ccc(cc1OCC2CN(CCO2)Cc3ccc(cc3)Cl)F,3.77,30.93,365.1,No
CCOc1ccccc1N2CCN(CC2)Cc3c[nH]c4c3cccc4,3.89,31.5,335.2,No
CCCc1ccccc1OCC2CN(CCO2)Cc3ccc(cc3)Cl,4.57,21.7,359.2,No
COc1ccccc1OCC2CN(CCO2)Cc3ccc(cc3)Cl,3.63,30.93,347.1,No
COc1ccccc1OCC2CN(CCO2)Cc3ccc(c(c3)Cl)Cl,4.28,30.93,381.1,No
c1cc(ccc1n2cc(cn2)CN3CCN(CC3)c4ccc(cc4)O)Cl,3.55,44.53,368.1,No
CCOc1ccccc1OCC2CN(CCO2)Cc3ccc(cc3)[N+](=O)[O-],3.27,74.07,372.2,No
c1ccc(cc1)CC[C@@H]2CN(CCO2)Cc3ccc(cc3)Cl,4.17,12.47,315.1,No
COc1cccc(c1)C(=O)NCCN2CCN(CC2)c3ccccc3Cl,2.9,44.81,373.2,Yes
COc1cccc(c1)C(=O)NCCN2CCN(CC2)c3ccc(cc3)Cl,2.9,44.81,373.2,Yes
CCOc1cc(ccc1OCC2CN(CCO2)Cc3ccc(cc3)Cl)C#N,3.89,54.72,386.1,No
c1cc2c(ccc(c2nc1)OCC3CN(CCO3)Cc4ccc(cc4)Cl)Cl,4.82,34.59,402.1,No
c1ccc(cc1)CCC2CN(CCO2)Cc3ccc(cc3)OC(F)(F)F,4.42,21.7,365.2,No
CC(C)Oc1ccccc1OCC2CN(CCO2)Cc3ccc(cc3)Cl,4.41,30.93,375.2,No
COc1ccc(cc1)CN2CCOC(C2)CCc3ccccc3,3.53,21.7,311.2,No
COCCOc1ccccc1OCC2CN(CCO2)Cc3ccc(cc3)Cl,3.65,40.16,391.2,No
COc1ccccc1OCC2CN(CCO2)Cc3ccc(cc3)C(F)(F)F,3.99,30.93,381.2,No
COc1ccccc1SCC2CN(CCO2)Cc3ccc(cc3)Cl,4.34,21.7,363.1,No
c1ccc(cc1)CC[C@@H]2CN(CCO2)Cc3ccc(cc3)OC(F)(F)F,4.42,21.7,365.2,No
c1ccc2c(c1)nc(n2C3CCN(CC3)CCCC(=O)c4ccc(cc4)F)O,4.18,58.36,381.2,No
COc1ccc(cc1OCC2CN(CCO2)Cc3ccccc3)Cl,3.63,30.93,347.1,No
c1ccc(cc1)CC[C@@H]2CN(CCO2)Cc3[nH]c4ccccc4n3,3.4,41.15,321.2,No
c1ccc(cc1)CCC2CN(CCO2)Cc3ccc(cc3)Cl,4.17,12.47,315.1,No
Cc1c(cccn1)OCC2CN(CCCO2)Cc3ccc(cc3)Cl,3.71,34.59,346.1,No
COc1ccc(cc1OCC2CN(CCO2)Cc3ccc(cc3)Cl)N,3.21,56.95,362.1,No
c1ccc(cc1)N2CCN(CC2)CCOCc3cnn(c3)c4ccc(cc4)Cl,3.86,33.53,396.2,No
c1ccc(cc1)CCC2CN(CCO2)Cc3cccc(c3)OC(F)(F)F,4.42,21.7,365.2,No
CC1N(C(=O)C2(S1)CCCC2)CCCCN3CCN(CC3)c4csc5c4ccc(c5)F,5.18,26.79,461.2,No
Cc1c2cc(ccc2sc1S(=O)(=O)Nc3ccc(c(c3)N4CCNCC4)OC)Cl,4.08,70.67,451.1,No
c1ccc(cc1)CCC2CN(CCO2)Cc3[nH]c4ccccc4n3,3.4,41.15,321.2,No
CCCNC(=O)c1cc(c(cc1Cl)OCC2CN(CCO2)Cc3ccc(cc3)Cl)C,4.72,50.8,450.1,No
c1ccc(cc1)N2CCN(CC2)Cc3cnn(c3)c4ccc(cc4)Cl,3.85,24.3,352.1,No
CCOc1ccccc1OCC2CN(CCO2)Cc3ccc(cc3)F,3.5,30.93,345.2,No
CC(C)(C)[C@]1(CCN2C[C@@H]3c4ccccc4CCc5c3c(ccc5)[C@H]2C1)O,4.84,23.47,361.2,No
COc1ccccc1/C=C/C2CN(CCO2)Cc3ccc(cc3)Cl,4.26,21.7,343.1,No
c1ccc(cc1)N2CNC(=O)C23CCN(CC3)CCCC(=O)c4ccc(cc4)F,3.22,52.65,395.2,No
COc1cccc(c1)C(=O)NCCN2CCN(CC2)c3cccc4c3cccc4,3.4,44.81,389.2,No
C[C@@H]1CN(C[C@@H]1NC(=O)c2cc(c(cc2OC)NC)Cl)Cc3ccccc3,3.64,53.6,387.2,No
COc1ccc(cc1OCC2CN(CCO2)Cc3ccc(cc3)Cl)C(F)(F)F,4.65,30.93,415.1,No
COc1ccccc1N2CCN(CC2)Cc3cn4cc(ccc4n3)Br,3.43,33.01,400.1,No
COc1cccc(c1)C(=O)NCCN2CCN(CC2)c3cccc(c3)Cl,2.9,44.81,373.2,Yes
COc1ccccc1N2CCN(CC2)Cc3cnn(c3)c4ccccc4,3.2,33.53,348.2,No
CCOc1ccccc1OCC2CN(CCO2)Cc3ccc(cc3Cl)Cl,4.67,30.93,395.1,No
c1ccc(cc1)OCCCNCCOc2cccc(c2)Cl,3.78,30.49,305.1,No
c1ccc(cc1)CCC2CN(CCO2)Cc3ccc(cc3)F,3.66,12.47,299.2,No
Cc1cccc(c1)CN2CCC(CC2)n3c(c(nc3O)c4ccccc4)C,4.71,41.29,361.2,No
COc1ccccc1N2CCN(CC2)Cc3cn4cc(ccc4n3)I,3.27,33.01,448.1,No
c1ccc(cc1)N2CCN(CC2)CCCc3cnn(c3)c4ccc(cc4)Cl,4.28,24.3,380.2,No
CN1CCc2cc(c(cc2C1Cc3ccc(c(c3)O)O)O)O,2.28,84.16,301.1,No
Cc1ccc(cc1C)OCCNCCCOc2ccccc2,3.74,30.49,299.2,No
Cc1c(cn(n1)C2CCN(CC2)Cc3ccccc3)c4ccccc4,4.7,21.06,331.2,No
c1cc2c(c[nH]c2nc1)CN3CCN(CC3)c4ccc(cc4)Cl,3.54,35.16,326.1,No
COc1ccc(cc1OCC2CN(CCCO2)Cc3ccc(cc3)Cl)[N+](=O)[O-],3.93,74.07,406.1,No
COc1ccccc1N2CCN(CC2)Cc3ccc-4cccccc34,4.12,15.71,332.2,No
c1ccc(cc1)CCC2CN(CCO2)Cc3ccccc3,3.52,12.47,281.2,No
COc1cc(ccc1OCC2CN(CCO2)Cc3ccccc3)I,3.58,30.93,439.1,No
c1cc2c(c[nH]c2nc1)CN3CCN(CC3)c4ccc(cc4)Cl,3.54,35.16,326.1,No
COc1ccccc1N2CCN(CC2)Cc3cnn(c3)c4ccccn4,2.6,46.42,349.2,Yes
C#Cc1cccc(c1)C(=O)NCCN2CCN(CC2)c3cccc(c3Cl)Cl,3.53,35.58,401.1,No
CC(C)(C)c1ccc(cc1)C(=O)CCCN2CCC(CC2)OC(c3ccccc3)c4ccccc4,7.22,29.54,469.3,No
Cc1c(nc(n1C2CCN(CC2)Cc3cccc(c3)Cl)O)c4ccccc4,5.05,41.29,381.2,No
Cc1cccc(c1)OCCNCCCOc2ccccc2,3.43,30.49,285.2,No
CN(C)CCCN1c2ccccc2Sc3c1cc(cc3)Cl,4.89,6.48,318.1,No
CCCN[C@H]1CCc2c(sc(n2)N)C1,1.58,50.94,211.1,No
c1cc2c(cc1O)CCN2,1.36,32.26,135.1,No
c1cc2c(c[nH]c2nc1)CN3CCN(CC3)c4ccc(cc4)I,3.49,35.16,418.1,No
CN1CCCCC1CCN2c3ccccc3Sc4c2cc(cc4)SC,5.89,6.48,370.2,No
Cc1ccc(cc1Cl)OCCNCCCOc2ccccc2,4.09,30.49,319.1,No
Cc1ccc(cc1)OCCNCCCOc2ccccc2,3.43,30.49,285.2,No
c1ccc(cc1)N2CCN(CC2)Cc3cc4cc(ccc4[nH]3)C#N,3.36,46.06,316.2,No
c1ccc(cc1)OCCCNCCOc2ccc(cc2)Cl,3.78,30.49,305.1,No
Cc1cc(c2nc(cn2c1)CN3CCN(CC3)c4ccccc4OC)I,3.58,33.01,462.1,No
CN1CCN(CC1)C2=Cc3ccccc3Oc4c2cc(cc4)Cl,4.19,15.71,326.1,No
COc1cc(c(cc1C(=O)N[C@@H]2CCN(C2)Cc3ccccc3)Cl)N,2.94,67.59,359.1,No
c1cc(ccc1c2c(sc(n2)N)[C@@H]3CCN(C3)CCCC(=O)c4ccc(cc4)F)F,5.12,59.22,427.2,No
Cc1c(nc(n1C2CCN(CC2)CCc3ccccc3)O)c4ccccc4,4.44,41.29,361.2,No
c1ccc(cc1)C2=CCN(CC2)Cc3cnn(c3)c4ccccc4,4.16,21.06,315.2,No
Cc1c(nc(n1C2CCN(CC2)Cc3ccccc3)O)c4ccccc4,4.4,41.29,347.2,No
COc1cccc(c1)C(=O)NCCN2CCN(CC2)c3ccccn3,1.64,57.7,340.2,No
CSc1ccccc1N2CCN(CC2)CCCCNC(=O)c3cc4ccccn4n3,3.39,52.88,423.2,No
Cc1c(nc(n1C2CCN(CC2)Cc3cccc(c3)OC)O)c4ccccc4,4.41,50.52,377.2,No
COc1ccccc1OCC2CN(CCO2)Cc3cccc(c3)Cl,3.63,30.93,347.1,No
CNc1cc(c(cc1Cl)C(=O)N[C@H]2CCN(C2)C3C4CCCC3CCC4)OC,4.16,53.6,405.2,No
COc1ccccc1N2CCN(CC2)CCNC(=O)c3cnn4c3cccc4,1.89,62.11,379.2,No
COc1ccccc1N2CCN(CC2)Cc3ccn(c3)c4ccccc4,3.81,20.64,347.2,No
Cc1cccc(c1)NC(=O)CN2CCN(CC2)c3ccccc3OC,2.76,44.81,339.2,Yes
c1ccc(cc1)n2cc(cn2)CN3CCN(CC3)c4ccccc4F,3.33,24.3,336.2,No
CCOc1ccccc1N2CCN(CC2)Cc3cccnc3,2.8,28.6,297.2,No
Cc1c(nc(n1C2CCN(CC2)Cc3ccccc3)O)c4ccc(cc4)Cl,5.05,41.29,381.2,No
COc1ccccc1N2CCN(CC2)Cc3cc(c-4cccccc34)CO,3.61,35.94,362.2,No
c1cc2ccc1CCc3ccc(c(c3)C4(CCN(CC4)CCCC(=O)c5ccc(cc5)F)O)CC2,5.66,40.54,471.3,No
CCCN(CCN1CCN(CC1)CCc2c[nH]c3c2cccc3)c4ccc(cc4)Br,5.01,25.51,468.2,No
Cc1c(n(c(=O)n1C2CCN(CC2)Cc3ccccc3)C)c4ccccc4,4,30.17,361.2,No
C[C@H]1CN(C[C@@H]1NC(=O)c2cc(c(cc2OC)NC)Cl)Cc3ccccc3,3.64,53.6,387.2,No
COc1ccccc1N2CCN(CC2)Cc3cc(c-4cccccc34)CN5CCN(CC5)c6ccccc6OC,5.45,31.42,536.3,No
Cc1ccc(cc1)OCCNCCCSc2ccccc2,4.15,21.26,301.2,No
c1ccc(cc1)N2CCN(CC2)CCCCc3cnn(c3)c4ccc(cc4)Cl,4.67,24.3,394.2,No
CN1CCN(CC1)CCCN2c3ccccc3Sc4c2cc(cc4)Cl,4.58,9.72,373.1,No
Cn1c(cn(c1=O)C2CCN(CC2)Cc3ccccc3)c4ccccc4,3.69,30.17,347.2,No
c1cc(ccc1OCCCNCCOc2ccc(cc2)Cl)F,3.92,30.49,323.1,No
Cc1cc(c2nc(cn2c1)CN3CCN(CC3)c4ccccc4OC)c5ccccc5,4.64,33.01,412.2,No
COc1ccccc1OCC2CN(CCO2)Cc3ccccc3,2.98,30.93,313.2,No
CCc1c(nc(n1C2CCN(CC2)Cc3ccccc3)O)c4ccccc4,4.66,41.29,361.2,No
CN1CCN(CC1)C2=Cc3cc(ccc3Oc4c2cccc4)Cl,4.19,15.71,326.1,No
COc1cc(cc(c1)Cl)OCC2CN(CCO2)Cc3ccccc3,3.63,30.93,347.1,No
COc1ccccc1N2CCN(CC2)Cc3cn4c(n3)cccc4n5cccn5,2.85,50.83,388.2,Yes
c1ccc(cc1)C2=NC[C@@H](N2)CN3CCN(CC3)c4ccccc4,2.23,30.87,320.2,No
Cc1c(nc(n1C2CCN(CC2)Cc3cccc(c3)C#N)O)c4ccccc4,4.27,65.08,372.2,No
Cc1ccc(cc1)OCCNCCCOc2ccc(cc2)F,3.57,30.49,303.2,No
c1cc(cc(c1)I)CNC[C@H]2CCc3ccc(cc3O2)O,3.48,41.49,395,No
c1cc(c(cc1N2CCN(CC2)Cc3cn4cc(ccc4n3)Br)Cl)Cl,4.73,23.78,438,No
Cc1cc(c2nc(cn2c1)CN3CCN(CC3)c4ccccc4OC)Br,3.74,33.01,414.1,No
CCCN(CCNC(=O)N=Nc1ccc(cc1)F)C2Cc3ccccc3C2,4.5,57.06,368.2,No
Cc1c(nc(n1C2CCN(CC2)Cc3ccccc3)O)c4cccs4,4.46,41.29,353.2,No
COc1cccc(c1OC)OCC2CN(CCO2)Cc3ccc(cc3)Cl,3.64,40.16,377.1,No
c1ccc(cc1)CN2CCC(CC2)c3cc(nc(n3)N)c4ccc(cc4)Cl,4.76,55.04,378.2,No
c1cc(ccc1N2CCN(CC2)Cc3cc4cc(ccc4[nH]3)C#N)F,3.5,46.06,334.2,No
CN1CCN(CC1)C2=Cc3ccccc3Cc4c2cc(cc4)Cl,3.99,6.48,324.1,No
Cc1c(cn(n1)c2ccccc2)CN3CCN(CC3)c4ccccc4,3.5,24.3,332.2,No
c1ccc(cc1)n2cc(cn2)CN3CCN(CC3)c4ccccc4,3.19,24.3,318.2,No
Cc1ccccc1CN2CCOC(C2)CCc3ccccc3,3.83,12.47,295.2,No
c1ccc(cc1)CCC2CN(CCO2)Cc3c(cccc3F)F,3.8,12.47,317.2,No
Cc1c(nc(n1C2CCN(CC2)Cc3ccccc3)O)c4ccccc4Cl,5.05,41.29,381.2,No
Cc1ccc(cc1)c2c(n(c(n2)O)C3CCN(CC3)Cc4ccccc4)C,4.71,41.29,361.2,No
COc1cc(c(cc1C(=O)N[C@H]2CCN(C2)Cc3ccccc3)Cl)N,2.94,67.59,359.1,No
Cc1ccc(cc1)OCCNCCCOc2ccccc2C,3.74,30.49,299.2,No
c1ccc2c(c1)c(c[nH]2)CN3CCN(CC3)c4ccc(cc4)Cl,4.14,22.27,325.1,No
COc1cccc(c1)C(=O)NCCN2CCN(CC2)c3ccccc3OC,2.26,54.04,369.2,Yes
CNC(=O)C(CCN1CCC(CC1)(c2ccc(cc2)Cl)O)(c3ccccc3)c4ccccc4,4.75,52.57,462.2,No
c1cc(ccc1CN2CCN(CC2)c3ccc4c(c3)OCCO4)F,2.92,24.94,328.2,No
CCN(CC)C(=S)SSC(=S)N(CC)CC,3.62,6.48,296.1,No
c1ccc(cc1)N2CCN(CC2)CCCCCc3cnn(c3)c4ccc(cc4)Cl,5.06,24.3,408.2,No
Cc1ccc(cc1)OCCNCCCOc2cccc(c2)C,3.74,30.49,299.2,No
C#Cc1cccc2n1ncc2CN3CCN(CC3)c4ccc(cc4)Cl,3.29,23.78,350.1,No
Cc1c([nH]nc1C2CCN(CC2)CCc3ccccc3)c4ccc(cc4)Cl,5.46,31.92,379.2,No
c1cc(c(cc1CCN)O)O,0.6,66.48,153.1,No
COc1c2ccccc2c(cc1C(=O)N[C@@H]3CCN(C3)Cc4ccccc4)I,4.46,41.57,486.1,No
Cc1c(cn(n1)C2CCN(CC2)Cc3cccc(c3)C#N)c4ccccc4,4.57,44.85,356.2,No
COc1ccccc1N2CCN(CC2)Cc3cc4ccccn4n3,2.67,33.01,322.2,No
COc1ccc(cc1)N2CCN(CC2)Cc3c[nH]c4c3cccn4,2.89,44.39,322.2,Yes
c1ccc2c(c1)nc(s2)C3=CCN(CC3)Cc4ccc(cc4)Cl,5.24,16.13,340.1,No
Cc1c(nc(n1C2CCN(CC2)Cc3ccc(cc3)Cl)O)c4ccccc4,5.05,41.29,381.2,No
COc1cc(c(cc1C(=O)N[C@H]2CCN(C2)Cc3ccccc3)Cl)NC(=O)C=C,3.48,70.67,413.2,No
Cc1cc(c2nc(cn2c1)CN3CCN(CC3)c4ccccc4OC)C#N,2.85,56.8,361.2,Yes
c1cc(c(cc1N2CCN(CC2)Cc3cn4c(n3)ccc(n4)Cl)Cl)Cl,4.01,36.67,395,No
Cc1cccc(c1)C(=O)NCN2CCC(CC2)c3ccccc3OC,3.57,41.57,338.2,No
COc1ccccc1N2CCN(CC2)Cc3cc(c(cc3OCCF)OC)OC,3.38,43.4,404.2,No
COc1ccccc1N2CCN(CC2)CCCCN3CCCc4ccccc4C3=O,3.69,36.02,407.3,No
c1ccc(cc1)SCCCNCCOc2ccc(cc2)Cl,4.49,21.26,321.1,No
c1ccc(c(c1)N2CCN(CC2)Cc3cc4cc(ccc4[nH]3)C#N)Cl,4.02,46.06,350.1,No
c1ccn2cc(nc2c1)CN3CCN(CC3)c4ccc(c(c4)Cl)Cl,3.96,23.78,360.1,No
CCCN(CCNC(=O)/C=C/c1ccc(cc1)F)C2Cc3ccccc3C2,3.83,32.34,366.2,No
CCC(=O)Nc1cc(c(cc1Cl)C(=O)N[C@H]2CCN(C2)Cc3ccccc3)OC,3.7,70.67,415.2,No
c1cc(n2c(c1)c(cn2)CN3CCN(CC3)c4ccc(cc4)Cl)C#N,3.18,47.57,351.1,No
Cc1c(c2cccc(n2n1)C#C)CN3CCN(CC3)c4ccc(cc4)Cl,3.6,23.78,364.1,No
c1ccc(cc1)C2=NCC[C@@H](N2)CN3CCN(CC3)c4ccccc4,2.62,30.87,334.2,No
CCc1c([nH]nc1C2CCN(CC2)Cc3ccccc3)c4ccc(cc4)Cl,5.67,31.92,379.2,No
Cc1ccc(cc1C)N2CCN(CC2)Cc3[nH]c4ccccc4n3,3.5,35.16,320.2,No
CN1CCN(CC1)[C@H]2Cc3ccccc3Sc4c2cc(cc4)Cl,4.34,6.48,344.1,No
COc1ccc2c(c1)oc(=O)c3c2CCN(C3)Cc4ccccc4,3.36,42.68,321.1,No
c1ccc(cc1)CN2CC[C@@H](C2)NC(=O)c3cccc(c3)c4cccs4,4.42,32.34,362.1,No
CN(C)Cc1cc(c-2cccccc12)CN3CCN(CC3)c4ccccc4OC,4.18,18.95,389.2,No
c1ccc(cc1)N2CCN(CC2)CCCOCc3cnn(c3)c4ccc(cc4)Cl,4.25,33.53,410.2,No
c1cc(ccc1CNC[C@H]2CCc3ccc(cc3O2)O)I,3.48,41.49,395,No
c1ccc2c(c1)CCN2C(=O)CN3CCN(CC3)Cc4ccc(cc4)Cl,3.05,26.79,369.2,No
c1ccc(cc1)N2CCN3C[C@@H](CC[C@H]3C2)COc4ccccc4,3.67,15.71,322.2,No
c1ccc(cc1)n2ccc(c2)CN3CCN(CC3)c4ccccn4,3.19,24.3,318.2,No
COc1cc(ccc1OC[C@H]2CN(CCO2)Cc3ccc(cc3)Cl)Cl,4.28,30.93,381.1,No
Cc1c([nH]nc1C2CCN(CC2)Cc3ccccc3)c4ccc(cc4)Cl,5.42,31.92,365.2,No
C[C@H]1CN(CC[C@@H]1NC(=O)c2cc(c(cc2OC)NC)Cl)Cc3ccccc3,4.03,53.6,401.2,No
Cc1cc(c2nc(cn2c1)CN3CCN(CC3)c4ccccc4OC)n5cccn5,3.16,50.83,402.2,No
COc1ccccc1N2CCN(CC2)Cc3cn4c(n3)ccc(n4)Cl,2.71,45.9,357.1,Yes
COc1ccccc1N2CCN(CC2)Cc3cccc(c3)OCCF,3.37,24.94,344.2,No
c1ccc(cc1)N2CNC(=O)C23CCN(CC3)CCCCc4c[nH]c5c4cccc5,3.92,51.37,402.2,No
c1ccc(cc1)OC[C@H]2CC[C@H]3CN(CCN3C2)c4ncccn4,2.46,41.49,324.2,Yes
c1ccc(cc1)OC[C@@H]2CC[C@H]3CN(CCN3C2)c4ccccn4,3.06,28.6,323.2,No
Cc1c(nc(n1C2CCN(CC2)Cc3ccccc3)O)c4ccc(cc4)F,4.54,41.29,365.2,No
COc1cccc(c1)C(=O)CCCN2CCN(CC2)c3ccccc3OC,3.49,42.01,368.2,No
c1ccc(cc1)CN2CCN(CC2)c3c4cc[nH]c4ccc3Cl,4.14,22.27,325.1,No
COc1cc(c(cc1OC)OCCF)CN2CCN(CC2)c3ccc(cc3)Cl,4.03,34.17,408.2,No
c1ccc(cc1)C[n+]2cc[n+](cc2)c3c4cc[nH]c4ccc3Cl,3.43,23.55,321.1,No
c1ccc(cc1)CCC2CCN(CC2)Cc3c[nH]c4c3cccn4,4.41,31.92,319.2,No
COc1cccc(c1)C(=O)NCCCN2CCN(CC2)c3ccccc3OC,2.65,54.04,383.2,Yes
CCCN1CCC[C@H]2[C@H]1Cc3c[nH]nc3C2,2,31.92,219.2,No
Cc1ccc(cc1C)C2CCN(CC2)Cc3ccc4c(c3)NC(=O)CO4,4.01,41.57,350.2,No
COc1ccccc1N2CCN(CC2)Cc3ccc(c(c3)OC)OCCF,3.37,34.17,374.2,No
COc1cc(c(cc1C(=O)N[C@H]2CCN(C2)Cc3ccccc3)Cl)NC(=O)C(F)(F)F,3.85,70.67,455.1,No
c1ccc(cc1)N2CCN(CC2)Cc3c[nH]c4c3cccn4,2.89,35.16,292.2,No
COc1ccccc1N2CCN(CC2)CCCCN3CCc4ccccc4C3=O,3.3,36.02,393.2,No
COc1ccccc1N2CCN(CC2)Cc3cc(c-4cccccc34)CN5CCCCC5,5.11,18.95,429.3,No
c1ccc(cc1)CCC2CCN(CC2)Cc3cc-4ccc[nH]c4n3,4.36,31.92,319.2,No
c1ccc(cc1)OC[C@@H](CN2CCC(CC2)Oc3ccccc3)O,2.97,41.93,327.2,Yes
c1cc(ccc1OC[C@H]2CC[C@H]3CN(CCN3C2)c4ncc(cn4)F)F,2.73,41.49,360.2,Yes
Cc1c(nc(n1C2CCN(CC2)CC3CCCCC3)O)c4ccccc4,4.78,41.29,353.2,No
c1ccc(cc1)OCCCNCCOc2ccccc2,3.12,30.49,271.2,No
c1ccn2c(c1)c(cn2)CN3CCN(CC3)c4ccc(cc4)Cl,3.31,23.78,326.1,No
Cc1c2c(c(s1)C)-c3c(cnn3C)CCC2,3.25,17.82,232.1,No
Cc1ccc(cc1)CN2CCN(CC2)CC(=O)N3c4ccccc4C[C@H]3C,3.09,26.79,363.2,No
CN1CCN(CC1)C2=Cc3ccccc3Oc4c2cccc4,3.54,15.71,292.2,No
Cc1ccc(cc1F)CN2CCN(CC2)CC(=O)N3c4ccccc4C[C@H]3C,3.23,26.79,381.2,No
Cc1ccc(cc1)CN2CCC(CC2)CC(=O)N3c4ccccc4CC3C,4.57,23.55,362.2,No
CC1Cc2ccccc2N1C(=O)CC3CCN(CC3)Cc4ccc(cc4)[N+](=O)[O-],4.17,66.69,393.2,No
c1ccc(cc1)CN2CCC(C2)NC(=O)c3ccc(cc3)c4ccsc4,4.42,32.34,362.1,No
c1ccc(cc1)CN2CC[C@@H](C2)NC(=O)c3ccc(cc3)c4ccsc4,4.42,32.34,362.1,No
c1ccc(cc1)CN2CC[C@@H](C2)NC(=O)c3cccc(c3)c4ccsc4,4.42,32.34,362.1,No
c1cc(ccc1N2CCN(CC2)Cc3cn4c(n3)ccc(n4)Cl)Cl,3.36,36.67,361.1,No
COc1ccccc1N2CCN(CC2)CCCCNC(=O)c3cc4ccccn4n3,2.68,62.11,407.2,No
CCOc1ccccc1N2CCN(CC2)Cc3cccc4c3cccc4,4.56,15.71,346.2,No
CCCN(CCNC(=O)N=Nc1ccc(c(c1)F)F)C2Cc3ccccc3C2,4.64,57.06,386.2,No
c1ccc2c(c1)N(c3cc(ccc3S2)C(F)(F)F)CCCN4CCN(CC4)CCO,4.31,29.95,437.2,No
Cc1c(nc(n1C2CCN(CC2)Cc3ccccc3Cl)O)c4ccccc4,5.05,41.29,381.2,No
COc1cc(c(cc1C(=O)N[C@H]2CCN(C2)C3CCCCC3)Cl)NC(=O)C4CC4,3.83,70.67,419.2,No
COc1cc(c(cc1C(=O)N[C@H]2CCN(C2)Cc3ccccc3)Cl)NC(=O)C4CC4,3.7,70.67,427.2,No
COc1cc(c(cc1C(=O)NC2CCN(C2)Cc3ccccc3)Cl)NC(=O)C4CC4,3.7,70.67,427.2,No
c1cc(ccc1N2CCN(CC2)Cc3cc4cc(ccc4[nH]3)C#N)Cl,4.02,46.06,350.1,No
COc1ccc(cc1)CCN2CCC(CC2)Nc3nc4ccccc4n3Cc5ccc(cc5)F,5.35,42.32,458.2,No
COc1cccc(c1)C(=O)NCCN2CCN(CC2)c3ccccc3,2.25,44.81,339.2,Yes
c1ccn2c(c1)cc(n2)CN3CCN(CC3)c4ccc(cc4)Cl,3.31,23.78,326.1,No
c1ccc(cc1)OC[C@@H]2CN(CCO2)Cc3c[nH]c4c3ccc(c4)Cl,4.1,37.49,356.1,No
Cc1c(c2cccc(n2n1)C#N)CN3CCN(CC3)c4ccc(cc4)Cl,3.49,47.57,365.1,No
COc1cccc(c1)C(=O)NCCCCN2CCN(CC2)c3cccc4c3cccc4,4.18,44.81,417.2,No
Cc1nc(c(c(n1)Cl)Sc2ccc(cc2)Cl)NC3CCN(CC3)Cc4ccccc4,6.32,41.05,458.1,No
Cc1cc(c2nc(cn2c1)CN3CCN(CC3)c4ccccc4OC)N5CCOCC5,2.81,45.48,421.2,No
COc1ccccc1N2CCN(CC2)CCCCN3CCc4cc(ccc4C3=O)c5cccs5,5.02,36.02,475.2,No
COc1ccc(cc1)N2CCN(CC2)CCC3c4ccccc4CCO3,3.52,24.94,352.2,No
c1cc(ccc1CN2CCc3c4ccc(cc4oc(=O)c3C2)O)Cl,3.71,53.68,341.1,No
CN(C)c1[nH]c(=O)c2cc([nH]c2n1)CN3CCN(CC3)c4ccccc4OC,1.65,80.49,382.2,No
COc1ccccc1N2CCN(CC2)Cc3cc(c-4cccccc34)C#N,3.99,39.5,357.2,No
c1cc(c(cc1CC2c3cc(c(cc3CCN2)O)O)O)O,1.94,92.95,287.1,No
Cc1c(noc1C2CCN(CC2)CCc3ccccc3)c4ccc(cc4)Cl,5.73,29.27,380.2,No
COc1c2ccccc2c(cc1C(=O)N[C@@H]3CCN(C3)Cc4ccccc4)C#C,3.83,41.57,384.2,No
Cc1c(cnn1C2CCN(CC2)Cc3ccccc3)c4ccccc4,4.7,21.06,331.2,No
c1ccc(cc1)N2CCN(CC2)Cc3cnn(c3)c4cc5ccc4CCc6ccc(cc6)CC5,5.08,24.3,448.3,No
CCC(=O)OC1(CCN(CC1)CCCC(=O)c2ccc(cc2)F)c3ccc(cc3)Cl,5.39,46.61,431.2,No
c1cc(n2c(c1)c(cn2)CN3CCN(CC3)c4ccc(cc4)Cl)C=O,3.12,40.85,354.1,No
c1ccc(cc1)CN2CCN(CC2)c3ccc(c4c3cc[nH]4)Br,4.25,22.27,369.1,No
Cc1ccc(cc1)CN2CCc3c4ccc(cc4oc(=O)c3C2)OC,3.67,42.68,335.2,No
Cc1ccc(cc1)C2CCN(CC2)Cc3ccc4c(c3)OCC(=O)N4,3.71,41.57,336.2,No
Cc1ccc(cc1C)C2CCN(CC2)Cc3ccc4c(c3)OCC(=O)N4,4.01,41.57,350.2,No
c1ccc(cc1)N2CCN(CC2)Cc3cnn(c3)c4ccccn4,2.59,37.19,319.2,No
c1ccc(cc1)C[n+]2cc[n+](cc2)c3ccc(c4c3cc[nH]4)Br,3.54,23.55,365.1,No
COc1cc(c(cc1C(=O)N[C@H]2CCN(C2)C3CCCCCC3)Cl)NC(=O)C4CC4,4.22,70.67,433.2,No
Cc1ccc(cc1)OCCCNCCOc2ccccc2,3.43,30.49,285.2,No
Cc1cccc2n1ncc2CN3CCN(CC3)c4ccc(cc4)Cl,3.62,23.78,340.1,No
C[C@@H]1CN(C[C@@H]1NC(=O)c2cc(c3ccccc3c2OC)Br)Cc4ccccc4,4.86,41.57,452.1,No
Cc1cccc(c1)NC(=O)CN2CCN(CC2)c3ccccc3C#N,2.63,59.37,334.2,Yes
COc1ccccc1N2CCN(CC2)Cc3cn(nn3)c4ccccc4,2.6,46.42,349.2,Yes
c1cnc(nc1)N2CCN3C[C@@H](CC[C@H]3C2)COc4ccc(cc4)F,2.6,41.49,342.2,Yes
C[Si](C)(C)c1cccc2n1ncc2CN3CCN(CC3)c4ccc(cc4)Cl,3.86,23.78,398.2,No
Cc1ccc(cc1)C2CCN(CC2)Cc3ccc4c(c3)NC(=O)CO4,3.71,41.57,336.2,No
COc1ccccc1N2CCN(CC2)Cc3cn4ccccc4n3,2.67,33.01,322.2,No
Cn1c(=O)c2c(c(c[nH]2)CN3CCN(CC3)c4ccccn4)nc1N5CCCC5,1.58,73.29,393.2,No
COc1ccccc1N2CCN(CC2)CCCCN3CCc4cc(ccc4C3=O)F,3.44,36.02,411.2,No
c1cc2cccc3c2c(c1)N(S3(=O)=O)CCCN4CCN(CC4)c5ccc(cc5)F,3.7,43.86,425.2,No
c1ccc(cc1)CN2CCN(CC2)c3cccc4c3nc([nH]4)C(F)(F)F,3.9,35.16,360.2,No
c1ccc(cc1)n2cc(cn2)CN3CCN(CC3)c4ccc(cc4)F,3.33,24.3,336.2,No
c1ccc(cc1)n2cc(cn2)CN3CCN(CC3)c4ccc(cc4)Cl,3.85,24.3,352.1,No
COc1ccccc1N2CCN(CC2)CCCCN3CCCc4cc(ccc4C3=O)c5cccs5,5.41,36.02,489.2,No
c1ccc(cc1)C[n+]2cc[n+](cc2)c3cccc4c3nc([nH]4)C(F)(F)F,3.19,36.44,356.1,No
COc1ccccc1N2CCN(CC2)CCCNC3=Nc4ccccc4OC3,2.92,49.33,380.2,Yes
CC(C)C(=O)Nc1cc(c(cc1Cl)C(=O)N[C@H]2CCN(C2)Cc3ccccc3)OC,3.95,70.67,429.2,No
c1ccn2c(c1)c(cn2)CN3CCN(CC3)c4ccc(cc4)I,3.26,23.78,418.1,No
c1ccc(c(c1)N2CCN(CC2)Cc3cnn4c3cccc4)Cl,3.31,23.78,326.1,No
Cc1c-2c(c(s1)C)SCc3c2n(nc3)C,3.37,17.82,236,No
COc1ccccc1N2CCN(CC2)CCNC3=Nc4ccccc4OC3,2.53,49.33,366.2,Yes
c1ccc(cc1)CN2CCN(CC2)c3cccc4c3CC(=O)N4,2.5,35.58,307.2,No
C[C@@H]1Cc2ccccc2N1C(=O)CN3CCN(CC3)Cc4ccc5c(c4)OCO5,2.51,45.25,393.2,Yes
CC[C@@H]1Cc2ccccc2N1C(=O)CN3CCN(CC3)Cc4ccc(cc4)C,3.48,26.79,377.2,No
CCc1ccc(cc1)CN2CCN(CC2)CC(=O)N3c4ccccc4C[C@H]3C,3.34,26.79,377.2,No
C[C@@H]1Cc2ccccc2N1C(=O)CN3CCN(CC3)Cc4ccc(cc4OC)Cl,3.44,36.02,413.2,No
Cc1ccc(cc1)CN2CCN(CC2)CC(=O)N3c4ccccc4CC3C,3.09,26.79,363.2,No
Cc1ccc(cc1F)CN2CCC(CC2)CC(=O)N3c4ccccc4CC3C,4.71,23.55,380.2,No
c1ccc2c(c1)n(c(=O)s2)CCN3CCN(CC3)Cc4ccc(cc4)Cl,3.53,28.48,387.1,No
c1ccc(cc1)CN2CCC(C2)NC(=O)c3ccc(cc3)c4ccccc4,4.36,32.34,356.2,No
c1ccc(cc1)CN2CCC(C2)NC(=O)c3ccc(cc3)c4cccs4,4.42,32.34,362.1,No
c1ccc(cc1)CN2CC[C@@H](C2)NC(=O)c3ccc(cc3)c4cccs4,4.42,32.34,362.1,No
COc1ccc2c(c1)CCCN(C2=O)CCCCN3CCN(CC3)c4ccccc4OC,3.69,45.25,437.3,No
CCOc1ccccc1N2CCN(CC2)Cc3ccccc3,3.41,15.71,296.2,No
c1cc(ccc1CC2c3cc(c(cc3CCN2)O)O)O,2.23,72.72,271.1,No
c1ccc(cc1)OCCCNCCOc2ccc(cc2)O,2.83,50.72,287.2,No
COc1cccc(c1)C(=O)NCCCCN2CCN(CC2)c3ccccc3OC,3.04,54.04,397.2,No
Cc1c(n[nH]c1C2=CCN(CC2)CCc3ccccc3)c4ccccc4,4.72,31.92,343.2,No
c1cc(cn2c1ccn2)CN3CCN(CC3)c4ccc(cc4)Cl,3.31,23.78,326.1,No
c1ccc(cc1)CNCCOc2cccc3c2nc([nH]3)C(F)(F)F,3.75,49.94,335.1,No
Cc1c(cnn1C2CCN(CC2)Cc3cccc(c3)Cl)c4ccccc4,5.35,21.06,365.2,No
Cc1c(cn(n1)C2CCN(CC2)Cc3cccc(c3)Cl)c4ccccc4,5.35,21.06,365.2,No
c1cc(ccc1OC[C@@H]2CC[C@H]3CN(CCN3C2)c4ccc(cn4)Cl)F,3.85,28.6,375.2,No
COc1cc(c(cc1C(=O)NC2CCN(CC2)Cc3ccccc3)Cl)N,3.33,67.59,373.2,No
c1ccc(cc1)C2=CCN(CC2)Cc3cn(nn3)c4ccccc4,3.56,33.95,316.2,No
c1cc(ccc1COC(Cn2ccnc2)c3ccc(cc3Cl)Cl)Cl,5.8,27.05,380,No
COc1cc(c(cc1C(=O)N[C@H]2CCN(C2)CC3CCCCC3)Cl)NC(=O)C4CC4,4.08,70.67,433.2,No
c1ccc(cc1)CCCNCCCOc2ccccc2,3.68,21.26,269.2,No
COc1ccccc1N2CCN(CC2)CCCCN3CCc4cc(ccc4C3=O)c5ccco5,4.56,49.16,459.3,No
CCCCn1cc(nn1)COc2ccc(cc2OC)CN3CCN(CC3)c4ccccc4OC,4,64.88,465.3,No
c1cc(nc(c1)Cl)OC[C@@H]2CN(CCO2)Cc3c[nH]c4c3ccc(c4)F,3.64,50.38,375.1,No
c1cc(ccc1OC[C@@H]2CC[C@H]3CN(CCN3C2)c4ncc(cn4)F)F,2.73,41.49,360.2,Yes
COc1cc(c(cc1C(=O)N[C@H]2CCN(C2)CCc3ccccc3)Cl)NC(=O)C4CC4,3.74,70.67,441.2,No
c1ccc(c(c1)N2CCN(CC2)Cc3cc4ccc(cc4[nH]3)C#N)Cl,4.02,46.06,350.1,No
c1ccc(cc1)CN2CC[C@H](C2)NC(=O)c3cccc(c3)c4ccsc4,4.42,32.34,362.1,No
Cn1c(=O)c2c(c(c[nH]2)CN3CCN(CC3)c4ccc(c(c4)Cl)Cl)nc1N5CCCC5,3.49,60.4,460.2,No
COc1ccccc1N2CCN(CC2)CCCCN3CCc4cc(ccc4C3=O)c5ccccc5,4.96,36.02,469.3,No
COc1ccccc1N2CCN(CC2)CCCCN3CCc4cc(ccc4C3=O)c5ccncc5,4.36,48.91,470.3,No
c1ccc(cc1)OC[C@@H]2CC[C@H]3CN(CCN3C2)c4ncccn4,2.46,41.49,324.2,Yes
Cc1c(onc1C2CCN(CC2)CCc3ccccc3)c4ccc(cc4)Cl,5.73,29.27,380.2,No
c1ccc2c(c1)c(=O)n(c(=O)[nH]2)CCN3CCC(CC3)C(=O)c4ccc(cc4)F,2.42,75.17,395.2,No
c1ccc(cc1)OCC(CN2CCC(CC2)Oc3ccccc3)O,2.97,41.93,327.2,Yes
c1ccc(cc1)c2[nH]cc(n2)CN3CCN(CC3)c4ncccn4,2.19,60.94,320.2,No
c1cc(ccc1CN2CCC(CC2)c3cc(no3)c4ccc(cc4)Cl)Cl,6.03,29.27,386.1,No
c1ccnc(c1)N2CCN(CC2)Cc3cc4cc(ccc4[nH]3)F,3.02,35.16,310.2,No
c1ccc(cc1)N2CCN(CC2)Cc3cc4ccc(cc4[nH]3)C#N,3.36,46.06,316.2,No
Cc1ccc2c(c1)oc(=O)c3c2CCN(C3)Cc4ccccc4,3.66,33.45,305.1,No
c1cc(ccc1C(=O)CCCN2CCC(C2)(c3ccc(cc3)Cl)O)F,4.04,40.54,361.1,No
COc1ccccc1N2CCN(CC2)Cc3ccc(cc3)OCCF,3.37,24.94,344.2,No
c1ccc(cc1)OCC2CCC3CN(CCN3C2)c4ncccn4,2.46,41.49,324.2,Yes
COc1cc(c(cc1C(=O)N[C@H]2CCN(C2)C3C4CCCC3CCC4)Cl)NC(=O)C5CC5,4.47,70.67,459.2,No
Cc1ccc(c(c1)N2CCN(CC2)Cc3[nH]c4ccccc4n3)C,3.5,35.16,320.2,No
c1ccc(cc1)CNCCOc2cccc3c2nc([nH]3)S,3.02,49.94,299.1,No
COc1ccc(cc1)C2CCN(CC2)Cc3ccc4c(c3)NC(=O)CO4,3.41,50.8,352.2,No
Cn1c(=O)c2c(c(c[nH]2)CN3CCN(CC3)c4ccccc4)nc1N5CCCC5,2.18,60.4,392.2,No
CN1CCN(CC1)Cc2cc(c-3cccccc23)CN4CCN(CC4)c5ccccc5OC,3.87,22.19,444.3,No
c1ccc(cc1)N2CCN(CC2)Cc3cc([nH]c3)C=C(C#N)C#N,2.77,69.85,317.2,No
CCOc1ccccc1N2CCN(CC2)Cc3cccs3,3.47,15.71,302.1,No
CC/C(=C(\c1ccccc1)/c2ccc(cc2)OCCN(C)C)/c3ccccc3,6,12.47,371.2,No
COc1ccccc1C(=O)CCCCCN2CCN(CC2)c3c4ccccc4on3,4.4,58.81,407.2,No
COc1cccc(c1)C(=O)NCCN2CCN(CC2)c3ccc(cn3)Cl,2.3,57.7,374.2,Yes
Cc1ccc(cc1)CN2CCN(CC2)C3CCc4cccc5c4N(C3=O)CC5,3.02,26.79,375.2,No
CCN1c2ccccc2CC(C1=O)N3CCN(CC3)Cc4ccc(cc4)Cl,3.44,26.79,383.2,No
Cc1ccc(cc1C)CN2CCC(CC2)CC(=O)N3c4ccccc4CC3C,4.88,23.55,376.3,No
c1ccn2c(c1)c(cn2)CN3CCN(CC3)c4cccc(c4)Cl,3.31,23.78,326.1,No
c1ccc(cc1)n2ccc(c2)CN3CCN(CC3)c4ccccc4,3.8,11.41,317.2,No
c1ccc(cc1)C2=CCN(CC2)Cc3ccn(c3)c4ccccc4,4.77,8.17,314.2,No
CN1c2ccccc2CC(C1=O)N3CCN(CC3)Cc4ccc(cc4)Cl,3.05,26.79,369.2,No
COc1cccc(c1)C(=O)CCCN2CCN(CC2)c3ccc(cc3)Cl,4.13,32.78,372.2,No
CC[C@@H]1Cc2ccccc2N1C(=O)CN3CCN(CC3)Cc4ccc(cc4)Cl,3.83,26.79,397.2,No
C[C@@H]1Cc2ccccc2N1C(=O)CN3CCN(CC3)Cc4ccccc4Cl,3.44,26.79,383.2,No
CC1Cc2ccccc2N1C(=O)CC3CCN(CC3)Cc4ccc(cc4)Cl,4.92,23.55,382.2,No
CC1Cc2ccccc2N1C(=O)CC3CCN(CC3)Cc4cccc(c4)Cl,4.92,23.55,382.2,No
c1ccc(cc1)CN2CCC(C2)NC(=O)c3cccc(c3)c4ccccc4,4.36,32.34,356.2,No
Cc1ccc(cc1)CN2CC[C@@H](C2)NC(=O)c3cccc(c3)c4cccs4,4.73,32.34,376.2,No
c1cc(ccc1N2CCN(CC2)Cc3cn4c(n3)ccc(n4)Cl)F,2.84,36.67,345.1,No
COc1ccccc1N2CCN(CC2)CCCCN3CCc4cc(ccc4C3=O)C#C,3.28,36.02,417.2,No
COc1cc(ccc1F)CN2CCN(CC2)c3ccc4c(c3)OCCO4,2.93,34.17,358.2,No
COc1ccccc1N2CCN(CC2)Cc3[nH]c4ccccc4n3,2.89,44.39,322.2,Yes
CC1(Cc2ccccc2N1C(=O)CN3CCN(CC3)Cc4ccc(cc4)Cl)C,3.83,26.79,397.2,No
c1ccc-2c(c1)CCc3c2n[nH]c3N4CCN(CC4)CCc5ccccc5Cl,4.19,35.16,392.2,No
COc1ccc2c(c1)oc(=O)c3c2CCN(C3)Cc4ccc(cc4)F,3.5,42.68,339.1,No
Cc1ccc(cc1)N2CCN(CC2)Cc3ccc4c(c3)NC(=O)CO4,2.65,44.81,337.2,Yes
c1cc(ccc1N2CCN(CC2)Cc3ccc4c(c3)OCC(=O)N4)Cl,2.99,44.81,357.1,Yes
CCCN(CCCCNC(=O)c1ccc(cc1)c2ccccc2)C3CCC(=CC3)C#C,5.69,32.34,414.3,No
COc1cc(c(cc1C(=O)N[C@H]2CCN(C2)C3C4CC5CC(C4)CC3C5)Cl)NC(=O)C6CC6,4.33,70.67,471.2,No
c1ccc(cc1)OCCCNCCOc2ccc(cc2)[N+](=O)[O-],3.03,73.63,316.1,No
c1ccc(cc1)OCCCNCCOc2ccccc2Cl,3.78,30.49,305.1,No
c1ccc(cc1)C2=CCN(CC2)Cc3ccc4ccc(=O)oc4c3,4.08,33.45,317.1,No
c1cc(c(c(c1)Cl)Cl)N2CCN(CC2)Cc3cccnc3,3.71,19.37,321.1,No
c1cc(c(c(c1)Cl)Cl)N2CCN(CC2)CCCCOc3ccc4ccnn4c3,4.62,33.01,418.1,No
Cc1c(nc(n1C2CCN(CC2)Cc3ccccc3)O)c4ccccn4,3.8,54.18,348.2,No
Cc1c(n(c(=O)n1C2CCN(CC2)Cc3ccccc3)c4ccccc4)c5ccccc5,5.45,30.17,423.2,No
CN1CCN(CC1)[C@@H]2Cc3ccccc3Sc4c2cc(cc4)Cl,4.34,6.48,344.1,No
CCOc1ccccc1N2CCN(CC2)Cc3csc4c3cccc4,4.62,15.71,352.2,No
COc1ccccc1OCCNCCc2ccc(c(c2)O)O,2.32,70.95,303.1,No
COc1ccccc1N2CCN(CC2)Cc3cc(c-4cccccc34)CN5CCOCC5,3.95,28.18,431.3,No
Cc1ccc(cc1)CCCNCCCOc2ccccc2,3.99,21.26,283.2,No
Cc1c(nc(nc1C2CCN(CC2)CCc3ccccc3)N)c4ccc(cc4)Cl,5.11,55.04,406.2,No
Cc1c([nH]nc1C2CCN(CC2)Cc3ccccc3)c4ccccc4,4.76,31.92,331.2,No
CCCN(CCCCNC(=O)c1cc2ccccc2s1)[C@H]3CCC(=CC3)C#C,5.24,32.34,394.2,No
c1ccc(cc1)CNCC2CCc3cc(c(cc3O2)O)Cl,3.53,41.49,303.1,No
CN1CCN(CC1)C2=Nc3ccccc3Oc4c2cc(cc4)Cl,3.77,28.07,327.1,No
c1cc2c3c(c1)CCN3C(=O)C(CC2)N4CCN(CC4)Cc5ccc(cc5)Cl,3.36,26.79,395.2,No
c1ccc(cc1)CN2CCC(=CC2)c3nc4ccccc4s3,4.59,16.13,306.1,No
c1ccc(cc1)[C@H]2C[C@@H]2CN3CCN(CC3)c4ccc(cc4Cl)Cl,4.92,6.48,360.1,No
COC(=O)[C@@H]1Cc2ccccc2N1C(=O)CN3CCN(CC3)Cc4ccc(cc4)Cl,2.59,53.09,427.2,No
C=C[C@@H]1Cc2ccccc2N1C(=O)CN3CCN(CC3)Cc4ccc(cc4)Cl,3.6,26.79,395.2,No
C[C@@H]1Cc2ccccc2N1C(=O)CN3CCN(CC3)Cc4cc(ccc4OC)Cl,3.44,36.02,413.2,No
C[C@@H]1Cc2ccccc2N1C(=O)CN3CCN(CC3)Cc4ccc(cc4)F,2.92,26.79,367.2,No
C[C@@H]1Cc2ccccc2N1C(=O)CN3CCN(CC3)Cc4ccc(cc4)C(F)(F)F,3.8,26.79,417.2,No
Cc1cccc(c1)CN2CCC(CC2)CC(=O)N3c4ccccc4CC3C,4.57,23.55,362.2,No
CC1Cc2ccccc2N1C(=O)CN3CCN(CC3)Cc4ccc(cc4)OC(F)(F)F,3.68,36.02,433.2,No
COc1c2ccccc2c(cc1C(=O)N[C@@H]3CCN(C3)Cc4ccccc4)Br,4.62,41.57,438.1,No
COc1ccc(cc1)N2CCN(CC2)Cc3ccc4c(c3)OCC(=O)N4,2.35,54.04,353.2,Yes
c1ccc(cc1)CN2CCC(C2)NC(=O)c3ccc(cc3)c4ccc(cc4)Cl,5.01,32.34,390.1,No
c1cc(sc1)c2ccc(cc2)C(=O)N[C@H]3CCN(C3)Cc4ccc(cc4)F,4.56,32.34,380.1,No
Cc1ccc(cc1C)N2CCN(CC2)Cc3ccc4c(c3)NC(=O)CO4,2.96,44.81,351.2,Yes
COc1ccccc1N2CCN(CC2)Cc3cn(nn3)c4ccc(cc4)OCCCF,3.34,55.65,425.2,No
Cc1c(nc(n1C2CCN(CC2)Cc3ccccc3)O)c4cccc(c4)Cl,5.05,41.29,381.2,No
COc1cc(c(cc1C(=O)N[C@H]2CCN(C2)Cc3ccccc3)Cl)NC(=O)C4CCC4,4.09,70.67,441.2,No
c1ccc(cc1)c2[nH]cc(n2)CN3CCN(CC3)c4ccccc4,3.4,35.16,318.2,No
Cc1c(cnn1C2CCN(CC2)Cc3cccc(c3)C#N)c4ccccc4,4.57,44.85,356.2,No
c1ccc(cc1)OC[C@@H]2CN(CCO2)Cc3c[nH]c4c3ccc(c4)F,3.59,37.49,340.2,No
c1cc(ccc1N2CCN3C[C@@H](CC[C@H]3C2)COc4ccc(cc4)F)F,3.94,15.71,358.2,No
c1ccc(c(c1)N2CCN(CC2)CNC(=O)c3ccc(cc3)Cl)Cl,3.5,35.58,363.1,No
Cc1c(cnn1c2ccccc2)CN3CCN(CC3)c4ccccc4,3.5,24.3,332.2,No
c1cc(ccc1C(=O)CCCN2C3CCC2CC(C3)(c4ccc(cc4)Cl)O)F,4.96,40.54,401.2,No
CCCN(CCCCNC(=O)c1cc2ccccc2s1)[C@@H]3CCC(=CC3)C#C,5.24,32.34,394.2,No
c1cc(c(c(c1)Cl)Cl)N2CCN(CC2)CCCCOc3ccn4c(c3)c(cn4)/C=N/O,4.43,65.6,461.1,No
c1cc(c(cc1Cl)Cl)COC(Cn2ccnc2)c3ccc(cc3Cl)Cl,6.45,27.05,414,No
CC1Cc2ccccc2N1C(=O)CN3CCN(CC3)Cc4ccc(cc4)Cl,3.44,26.79,383.2,No
COc1ccc(cc1)OCCNCCCOc2ccccc2,3.13,39.72,301.2,No
COc1cccc(c1)C(=O)NCCCN2CCN(CC2)c3ccc(cc3)Cl,3.29,44.81,387.2,No
COc1ccccc1N2CCN(CC2)CCCCNC(=O)c3cc4ccc3CCc5ccc(cc5)CC4,4.91,44.81,497.3,No
COc1ccc2c(c1)[nH]cc2CN3CCO[C@@H](C3)COc4ccccc4,3.46,46.72,352.2,No
c1ccc(cc1)CN2CCC(CC2)NC(=O)Nc3c4ccccc4ccn3,4.02,57.26,360.2,No
Cc1c(nc(n1C2CCN(CC2)CCCc3ccccc3)O)c4ccccc4,4.83,41.29,375.2,No
c1ccc(c(c1)C#N)N2CCN(CC2)CNC(=O)c3ccc(cc3)Cl,2.72,59.37,354.1,Yes
c1ccc(cc1)CCN2CCC(CC2)c3cc(n[nH]3)c4ccc(cc4)Cl,5.15,31.92,365.2,No
COc1cc(c(cc1C(=O)N[C@@H]2CCN(C2)Cc3ccccc3)Cl)NC(=O)C4CC4,3.7,70.67,427.2,No
Cc1ccc(cc1)OCCCNCCOc2ccc(cc2)Cl,4.09,30.49,319.1,No
c1cc(ccc1N2CCN(CC2)Cc3cc([nH]c3)C=C(C#N)C#N)Cl,3.42,69.85,351.1,No
c1cc(c(c(c1)Cl)Cl)N2CCN(CC2)CCCCNC(=O)c3cn(nn3)c4ccc(cc4)[N+](=O)[O-],3.81,109.43,517.1,No
CCCCCCNC[C@H]1CCc2ccc(cc2O1)O,3.26,41.49,263.2,No
c1cc(c(c(c1)Cl)Cl)N2CCN(CC2)CCCCOc3ccn4c(c3)c(cn4)C#N,4.49,56.8,443.1,No
c1ccc(cc1)NCCNc2ccc3ccc(=O)oc3c2,3.32,54.27,280.1,No
c1ccc(cc1)NCCNCc2ccc3ccc(=O)oc3c2,2.99,54.27,294.1,No
CCCN(CCCCNC(=O)c1ccc(cc1)c2ccccc2)[C@@H]3CCC(=CC3)C#C,5.69,32.34,414.3,No
CCCCCCCCCC(=O)OC1(CCN(CC1)CCCC(=O)c2ccc(cc2)F)c3ccc(cc3)Cl,8.12,46.61,529.3,No
C#Cc1cc([nH]c1)CN2CCN(CC2)c3ccccc3,2.32,22.27,265.2,No
CCC1Cc2ccccc2N1C(=O)CN3CCN(CC3)Cc4ccc(cc4)Cl,3.83,26.79,397.2,No
Cc1c(nc([nH]1)c2ccccc2)CN3CCN(CC3)c4ncccn4,2.5,60.94,334.2,No
C[C@@H]1Cc2ccccc2N1C(=O)CN3CCN(CC3)Cc4ccc(cc4)Cl,3.44,26.79,383.2,No
C[C@@H]1Cc2ccccc2N1C(=O)CN3CCN(CC3)Cc4cc(c(cc4F)Cl)F,3.71,26.79,419.2,No
C[C@@H]1Cc2ccccc2N1C(=O)CN3CCN(CC3)Cc4cccc(c4)F,2.92,26.79,367.2,No
CC1Cc2ccccc2N1C(=O)CN3CCN(CC3)Cc4cccc(c4)OC(F)(F)F,3.68,36.02,433.2,No
CCc1ccc(cc1)CN2CCN(CC2)CC(=O)N3c4ccccc4CC3C,3.34,26.79,377.2,No
CC1Cc2ccccc2N1C(=O)CC3CCN(CC3)Cc4ccc(cc4)F,4.41,23.55,366.2,No
COc1ccccc1N2CCN(CC2)Cc3cc(c-4cccccc34)CN5CCN(CC5)c6ccc(cc6)Cl,6.1,22.19,540.3,No
C[C@@H]1Cc2ccccc2N1C(=O)CN3CCN(CC3)Cc4cccc(c4)Cl,3.44,26.79,383.2,No
c1ccc(cc1)N2CCN(CC2)Cc3ccc4c(c3)OCC(=O)N4,2.34,44.81,323.2,Yes
COc1ccccc1N2CCN(CC2)CCCCN3CCc4cc(ccc4C3=O)C#N,3.17,59.81,418.2,No
Cc1c(c(=O)n2c(n1)CCCC2)CCN3CCC(CC3)c4c5ccc(cc5on4)F,3.59,64.16,410.2,No
c1ccc2c(c1)c(c[nH]2)CN3CCN(CC3)c4cccc(c4Cl)Cl,4.8,22.27,359.1,No
CCCCc1c(c2ccccc2o1)C(=O)c3cc(c(c(c3)I)OCCN(CC)CC)I,6.94,42.68,645,No
c1ccc(cc1)CNCCOc2cccc3c2nc([nH]3)O,2.44,70.17,283.1,No
CO/N=C(/CCN1CCN(CC1)c2ccccn2)\c3cc(cc(c3)F)F,2.92,40.96,360.2,Yes
CC1c2cc(c(cc2CCN1)O)O,1.3,52.49,179.1,No
CO/N=C(/CCN1CCN(CC1)c2ccccn2)\c3cccc(c3)F,2.78,40.96,342.2,Yes
CO/N=C(\CCN1CCN(CC1)c2ccccn2)/c3ccc(c(c3)Cl)Cl,3.95,40.96,392.1,No
c1ccc(cc1)N2CCN(CC2)Cc3c[nH]c4c3ccnc4Cl,3.54,35.16,326.1,No
Cc1c(c2cnc(nc2[nH]1)N(C)C)CN3CCN(CC3)c4ccccc4OC,2.66,60.52,380.2,No
CCOCCn1cc(nn1)CCCOc2ccc(cc2OC)CN3CCN(CC3)c4ccccc4OC,3.67,74.11,509.3,No
c1ccc(cc1)/C=C/C2=CCN(CC2)CCc3c[nH]c4c3cccn4,4.45,31.92,329.2,No
Cc1ccc(cc1)C(=O)NCN2CCN(CC2)c3ccccc3C#N,2.38,59.37,334.2,Yes
c1cnc(nc1)N2CCN(CC2)CCCC(=O)c3ccc(cc3)F,2.4,49.33,328.2,Yes
c1cc(ccc1C(=O)CCCN2CCCN(CC2)c3ccc(cc3)Cl)F,4.65,23.55,374.2,No
Cc1cccc(c1)C(=O)NCN2CCN(CC2)c3ccccc3OC,2.51,44.81,339.2,Yes
COc1ccc(cc1)C2CCN(CC2)Cc3ccc4c(c3)OCC(=O)N4,3.41,50.8,352.2,No
c1ccc2c(c1)CCO[C@H]2CCN3CCN(CC3)c4ccc(cc4)S(=O)(=O)N,2.16,75.87,401.2,No
Cc1ccc(cc1Cl)N2CCN(CC2)Cc3ccc4ccc(=O)oc4c3,4.08,36.69,368.1,No
Cc1ccc(cc1C)N2CCN(CC2)Cc3ccc4c(c3)OCC(=O)N4,2.96,44.81,351.2,Yes
c1ccc(cc1)C(c2ccccc2)(c3ccccc3Cl)n4ccnc4,5.38,17.82,344.1,No
c1ccc2c(c1)CCN(C2)Cc3c[nH]c4c3cccn4,3.12,31.92,263.1,No
C[C@@H]1c2ccccc2N([C@@H]1C)C(=O)CN3CCN(CC3)Cc4ccc(cc4)Cl,4,26.79,397.2,No
COc1cc(c(cc1C(=O)N[C@@H]2CCN(C2)Cc3ccccc3)Cl)NC(=O)C4CCC4,4.09,70.67,441.2,No
c1ccc(cc1)CNCCOc2cc(cc3c2nc([nH]3)C(F)(F)F)Cl,4.4,49.94,369.1,No
C[C@@H]1Cc2ccccc2N1C(=O)CN3CCN(CC3)Cc4cc(cc(c4)Cl)Cl,4.09,26.79,417.1,No
CC1Cc2ccccc2N1C(=O)CN3CCN(CC3)Cc4ccc(cc4)F,2.92,26.79,367.2,No
CC1Cc2ccccc2N1C(=O)CC3CCN(CC3)Cc4cccc(c4)F,4.41,23.55,366.2,No
Cc1ccccc1CN2CCN(CC2)CC(=O)N3c4ccccc4CC3C,3.09,26.79,363.2,No
c1ccc2c(c1)CS(=O)(=O)N2CCN3CCN(CC3)Cc4ccc(cc4)Cl,2.81,43.86,405.1,Yes
c1ccc(cc1)CNC[C@H]2CCc3ccc4c(c3O2)nc([nH]4)O,2.75,70.17,309.1,No
c1cc(sc1)c2ccc(cc2)C(=O)N[C@H]3CCN(C3)Cc4ccc5c(c4)OCO5,4.15,50.8,406.1,No
c1ccn2cc(nc2c1)CN3CCN(CC3)c4ccc(cc4)Cl,3.31,23.78,326.1,No
c1ccc(cc1)S(=O)(=O)n2ccc3c2cccc3N4CCN(CC4)CCCOc5ccccc5C(=O)N,3.57,97.87,518.2,No
c1cnc(nc1)N2CCN(CC2)CCCCN3C(=O)[C@@H]4[C@H]5CC[C@H](C5)[C@@H]4C3=O,1.41,69.64,383.2,No
CCCCn1cc(nn1)CCCOc2ccc(cc2OC)CN3CCN(CC3)c4ccccc4OC,4.43,64.88,493.3,No
COc1cccc(c1)C(=O)NCCCN2CCN(CC2)c3cccc(c3Cl)Cl,3.94,44.81,421.1,No
c1cc(c(cc1CN2CCN(CC2)c3ccc4c(c3)OCCO4)O)F,2.62,45.17,344.2,Yes
C[C@H]1CN(CC[C@@H]1NC(=O)c2cc(c(cc2OC)N)Cl)Cc3ccccc3,3.57,67.59,387.2,No
c1ccc(c(c1)N2CCN(CC2)Cc3cccs3)O,2.78,26.71,274.1,No
Cc1ccc(cc1C)CN2CCO[C@@H](C2)CSc3ccccc3,4.3,12.47,327.2,No
c1cc2c(cc1C#N)cc([nH]2)CN3CCN(CC3)c4ccc(c(c4)Cl)Cl,4.67,46.06,384.1,No
Cc1ccc2c(c1)oc(=O)c3c2CCN(C3)Cc4ccc(cc4)F,3.8,33.45,323.1,No
COc1ccc2c(c1)oc(=O)c3c2CCN(C3)Cc4ccc(cc4)[N+](=O)[O-],3.27,85.82,366.1,No
COc1cccc(c1)C(=O)NCCCCN2CCN(CC2)c3c4ccccc4on3,3.17,70.84,408.2,No
c1ccc(cc1)c2cccc3n2ncc3CN4CCN(CC4)c5ccc(cc5)Cl,4.98,23.78,402.2,No
c1cc(ccc1C(=O)CCCN2CCN(CC2)c3ccc(cc3)Cl)F,4.26,23.55,360.1,No
Cc1ccc(cc1)C(=O)NCN2CCN(CC2)c3ccccc3OC,2.51,44.81,339.2,Yes
Cc1ccc(cc1C)N2CCN(CC2)CC[C@H]3c4ccccc4C(=O)N3,3.3,35.58,349.2,No
CCCN(CCC)CCc1cccc2c1CC(=O)N2,2.85,32.34,260.2,No
COc1ccc2c(c1)oc(=O)c3c2CCN(C3)CCc4ccccc4,3.4,42.68,335.2,No
c1ccc(cc1)N2CCN(CC2)Cc3c[nH]c4c3cccc4,3.49,22.27,291.2,No
CCC(C)(C)C(=O)NCCN1CCN(CC1)c2ccc(cc2)Cl,3.01,35.58,337.2,No
COc1ccccc1N2CCN(CC2)Cc3cccc(c3)c4ccccc4,4.68,15.71,358.2,No
Cc1ccc(cc1)CN2CCN(CC2)CC(=O)N3c4ccccc4C[C@H]3C(=O)OC,2.24,53.09,407.2,Yes
c1ccc2c(c1)CC(=O)N2CCN3CCN(CC3)Cc4ccc(cc4)Cl,3.05,26.79,369.2,No
Cc1ccc(c(c1)CN2CCN(CC2)CC(=O)N3c4ccccc4CC3C)C,3.4,26.79,377.2,No
c1ccc(cc1)CN2CCC(C2)NC(=O)c3ccc(cc3)c4ccc(cc4)F,4.5,32.34,374.2,No
Cc1cccc(c1)/C(=N/OC)/CCN2CCN(CC2)c3ccccn3,2.95,40.96,338.2,Yes
Cc1cccc(c1)NC(=O)CN2CCC(CC2)c3ccccn3,3.21,45.23,309.2,No
C#Cc1ccc(cc1)C(=O)NCCN2CCN(CC2)c3cccc(c3Cl)Cl,3.53,35.58,401.1,No
c1ccc2c(c1)nc(s2)C3=CCN(CC3)Cc4cccc(c4)Cl,5.24,16.13,340.1,No
COc1ccc2c(c1)oc(=O)c3c2CCN(C3)Cc4ccc(cc4)C(F)(F)F,4.38,42.68,389.1,No
CNc1cc(c(cc1Cl)C(=O)NC2CCN(CC2)Cc3ccccc3)OC,3.78,53.6,387.2,No
c1cc(ccc1CN2CCC(=CC2)c3nc4cc(ccc4o3)Cl)Cl,5.42,29.27,358.1,No
CCOCCn1cc(nn1)COc2ccc(cc2OC)CN3CCN(CC3)c4ccccc4OC,3.23,74.11,481.3,No
c1ccc2c(c1)[nH]c(n2)CN3CCN(CC3)c4ccccc4Cl,3.54,35.16,326.1,No
c1ccc(cc1)c2[nH]cc(n2)CN3CCN(CC3)c4ccccn4,2.79,48.05,319.2,No
COc1cc2c(cc1OC)oc(=O)c3c2CCN(C3)Cc4ccc(cc4)Cl,4.02,51.91,385.1,No
Cn1c(=O)cnn(c1=O)CCCCN2CCN(CC2)c3cccc4c3cc(cc4)O[11CH3],1.71,72.6,422.2,No
c1cc(ccc1[C@H](CCN2CCN(CC2)c3ccc(c(c3)Cl)CO)O)Cl,3.73,46.94,394.1,No
c1ccc(cc1)CNC[C@H]2CCc3cc(c(cc3O2)O)Cl,3.53,41.49,303.1,No
Cc1cccc(c1)C(=O)NCN2CCN(CC2)c3ccccc3C#N,2.38,59.37,334.2,Yes
COc1ccc2c(c1)oc(=O)c3c2CCN(C3)Cc4ccc(cc4)Cl,4.01,42.68,355.1,No
CN(C)CCC(=O)OC1(CCN(CC1)CCCC(=O)c2ccc(cc2)F)c3ccc(cc3)Cl,4.93,49.85,474.2,No
Cc1ccc(cc1C)N2CCN(CC2)CCC3c4ccccc4C(=O)N3,3.3,35.58,349.2,No
c1ccc(cc1)CN2CCN(CC2)c3c(ccc4c3CC(=O)N4)Cl,3.16,35.58,341.1,No
CSc1ccccc1N2CCN(CC2)CCCNC(=O)c3cnn4c3cccc4,3,52.88,409.2,Yes
COc1ccccc1N2CCN(CC2)CCCCNC(=O)c3cccc4n3ncc4,2.68,62.11,407.2,No
CN1CCc2cccc-3c2[C@H]1Cc4c3c(c(cc4)O)O,2.85,43.7,267.1,No
CC1Cc2cccc3c2N1C(=O)C(CC3)N4CCN(CC4)Cc5ccc(cc5)Cl,3.75,26.79,409.2,No
COc1cccc(c1)C(=O)NCCCCN2CCN(CC2)c3cccc(c3Cl)Cl,4.33,44.81,435.1,No
c1ccc(cc1)C2CCN(CC2)Cc3ccn(c3)c4ccccc4,4.86,8.17,316.2,No
c1cc2cc([nH]c2cc1C#N)CN3CCN(CC3)c4ccc(c(c4)Cl)Cl,4.67,46.06,384.1,No
CN1C[C@@H]2c3ccccc3Oc4ccc(cc4[C@H]2C1)Cl,4.26,12.47,285.1,No
c1ccc(cc1)CN2CCC(CC2)c3cc(n[nH]3)c4ccc(cc4)Cl,5.11,31.92,351.2,No
Cc1ccc(cc1C)C2CCN(CC2)CCC3c4ccccc4C(=O)N3,4.36,32.34,348.2,No
c1ccc(cc1)N2CCN(CC2)Cc3ccc([nH]3)C=C(C#N)C#N,2.77,69.85,317.2,No
c1cc(c(c(c1)Cl)Cl)N2CCN(CC2)CCCCOc3ccn4c(c3)cc(n4)C#N,4.49,56.8,443.1,No
CC(=O)OC1(CCN(CC1)CCCC(=O)c2ccc(cc2)F)c3ccc(cc3)Cl,5,46.61,417.2,No
CCCCn1cc(nn1)CCCOc2ccc(cc2OC)C(=O)NCCCCN(CCC)[C@H]3CCc4c(cccc4O)C3,5.58,101.74,591.4,No
c1ccc(cc1)SC[C@@H]2CN(CCO2)Cc3ccc(cc3)Cl,4.33,12.47,333.1,No
CN1CCC(CC1)C2=Cc3ccccc3Oc4c2cccc4,4.67,12.47,291.2,No
COc1ccccc1N2CCN(CC2)Cc3cc(c-4cccccc34)C#C,4.1,15.71,356.2,No
c1ccc2c(c1)[nH]c(n2)CN3CCN(CC3)c4cccc(c4)Cl,3.54,35.16,326.1,No
c1cc(ccc1N2CCN(CC2)CCNC[C@H]3CCc4ccc(cc4O3)O)I,3.1,47.97,493.1,No
COc1ccccc1N2CCN(CC2)CCCCN3CCc4c(cccc4C3=O)c5ccccc5,4.96,36.02,469.3,No
C[C@@H]1Cc2ccccc2N1C(=O)CN3CCN(CC3)Cc4ccc(cc4)OC,2.79,36.02,379.2,No
COc1ccccc1N2CCN(CC2)CCCCNS(=O)(=O)c3ccc(cc3)F,2.71,61.88,421.2,No
c1ccc(cc1)n2cc(nn2)CN3CCN(CC3)c4ccccc4,2.59,37.19,319.2,No
Cc1ccc(cc1)CN2CCN(CC2)C3CCc4cccc5c4N(C3=O)C(C5)C,3.41,26.79,389.2,No
c1cc(ccc1CN2CCC(=CC2)c3[nH]c4ccc(cc4n3)Cl)Cl,5.16,31.92,357.1,No
c1ccc2cc(ccc2c1)N3CCN(CC3)CCC4c5ccccc5C(=O)N4,3.84,35.58,371.2,No
c1ccc(cc1)CCN2CCC(CC2)c3cc(n[nH]3)C4CCCCC4,4.88,31.92,337.3,No
Cc1ccc(cc1)NCCNCc2ccc3ccc(=O)oc3c2,3.3,54.27,308.2,No
c1ccc(cc1)CNCCOc2cccc3c2CC(=O)N3,2.35,50.36,282.1,No
C[C@@H]1Cc2ccccc2N1C(=O)CN3CCN(CC3)Cc4cc(ccc4C(C)C)Cl,4.56,26.79,425.2,No
c1ccc2c(c1)C[C@H](N2C(=O)CN3CCN(CC3)Cc4ccc(cc4)Cl)CO,2.41,47.02,399.2,Yes
CC1Cc2ccccc2N1C(=O)CC3CCN(CC3)Cc4ccc(cc4)OC,4.28,32.78,378.2,No
c1ccc(cc1)CNCC2CCc3ccc4c(c3O2)nc([nH]4)O,2.75,70.17,309.1,No
Cc1ccc(c(c1)C(=O)CCCN2CCC(CC2)c3ccc(cc3)Cl)C,5.8,20.31,369.2,No
CCCN(CCNC(=O)N=Nc1cc(c(c(c1)F)F)F)C2Cc3ccccc3C2,4.78,57.06,404.2,No
